{
  "project_info": {
    "project_number": "174066625418",
    "project_id": "urunprojefirebase",
    "storage_bucket": "urunprojefirebase.appspot.com",
    "firebase_url":"https://urunprojefirebase-default-rtdb.firebaseio.com/"
  },
  "client": [
    {
      "client_info": {
        "mobilesdk_app_id": "1:174066625418:android:c4564566e3077d04ba3673",
        "android_client_info": {
          "package_name": "com.urunproje.urunproje"
        }
      },
      "oauth_client": [
        {
          "client_id": "174066625418-rvj94fdf1r8ro3b3plk01u5n9g13m6lh.apps.googleusercontent.com",
          "client_type": 3
        }
      ],
      "api_key": [
        {
          "current_key": "AIzaSyCTytCb2heR8P3vOgf3NSZYykwjobCkbsM"
        }
      ],
      "services": {
        "appinvite_service": {
          "other_platform_oauth_client": [
            {
              "client_id": "174066625418-rvj94fdf1r8ro3b3plk01u5n9g13m6lh.apps.googleusercontent.com",
              "client_type": 3
            }
          ]
        }
      }
    }
  ],
  "configuration_version": "1"
}